ID,Pred
2019_1101_1113,0.20372511525809758
2019_1101_1120,0.041108896734687234
2019_1101_1124,0.12281297326407305
2019_1101_1125,0.1502141612508659
2019_1101_1133,0.5856449476871092
2019_1101_1138,0.06203865197994655
2019_1101_1153,0.09524896849551269
2019_1101_1159,0.4139947558680551
2019_1101_1181,0.025
2019_1101_1192,0.7010607698357911
2019_1101_1196,0.08218494037961295
2019_1101_1199,0.045860191986083085
2019_1101_1205,0.5931913707296694
2019_1101_1209,0.37534974750495725
2019_1101_1211,0.025
2019_1101_1222,0.045730414172924026
2019_1101_1233,0.679155506011342
2019_1101_1234,0.11249070483367525
2019_1101_1235,0.05013208725663302
2019_1101_1242,0.058999822640140934
2019_1101_1243,0.06325943950339614
2019_1101_1246,0.025
2019_1101_1251,0.21030639640601217
2019_1101_1257,0.05713197067951255
2019_1101_1261,0.057452775584361813
2019_1101_1266,0.08207300014199788
2019_1101_1268,0.06522314985704376
2019_1101_1276,0.025
2019_1101_1277,0.025
2019_1101_1278,0.13689492232852818
2019_1101_1279,0.1273628966476487
2019_1101_1280,0.059746188639918416
2019_1101_1285,0.4449106234804247
2019_1101_1293,0.1552093539209265
2019_1101_1295,0.6868711743148588
2019_1101_1297,0.32636992814804455
2019_1101_1300,0.3911427045994007
2019_1101_1305,0.0756058398309775
2019_1101_1308,0.15598976653364993
2019_1101_1314,0.025
2019_1101_1318,0.26877471953090026
2019_1101_1326,0.12621209613616358
2019_1101_1328,0.11855862909784116
2019_1101_1330,0.38093662163381065
2019_1101_1332,0.124421676680744
2019_1101_1341,0.3911427045994007
2019_1101_1345,0.027588886441626086
2019_1101_1371,0.1689147540802922
2019_1101_1385,0.2719970809460621
2019_1101_1387,0.34894635296864923
2019_1101_1388,0.09013004872043241
2019_1101_1393,0.1086934600464519
2019_1101_1396,0.25925371698029964
2019_1101_1397,0.025
2019_1101_1403,0.025
2019_1101_1414,0.24967640624725218
2019_1101_1416,0.13325196663860792
2019_1101_1429,0.10334628353500278
2019_1101_1433,0.3911427045994007
2019_1101_1436,0.26673674181138307
2019_1101_1437,0.07845606151799091
2019_1101_1438,0.025
2019_1101_1439,0.03478076801012425
2019_1101_1449,0.1571663793993211
2019_1101_1458,0.03888574643066518
2019_1101_1459,0.06186605996391581
2019_1101_1463,0.26994368976483313
2019_1113_1120,0.14351710690528235
2019_1113_1124,0.353683992134381
2019_1113_1125,0.40860155308065876
2019_1113_1133,0.846727734347896
2019_1113_1138,0.20541652758563114
2019_1113_1153,0.29152422282038204
2019_1113_1159,0.7341336614086623
2019_1113_1181,0.044200117002673685
2019_1113_1192,0.9016352110884919
2019_1113_1196,0.25925371698029964
2019_1113_1199,0.1581523969078398
2019_1113_1205,0.8507311399381297
2019_1113_1209,0.7013718820763194
2019_1113_1211,0.0396136713755568
2019_1113_1222,0.15775738836414252
2019_1113_1233,0.8921666928409916
2019_1113_1234,0.33128574789595777
2019_1113_1235,0.17100960836560583
2019_1113_1242,0.1968284101483805
2019_1113_1243,0.20883052596018972
2019_1113_1246,0.08376675903259281
2019_1113_1251,0.5100219872924604
2019_1113_1257,0.19148502239666326
2019_1113_1261,0.1924062913020877
2019_1113_1266,0.2589686496758616
2019_1113_1268,0.21427939370989646
2019_1113_1276,0.06308367966500322
2019_1113_1277,0.04791710000875575
2019_1113_1278,0.3826890819105017
2019_1113_1279,0.3632452224409467
2019_1113_1280,0.1989497175192149
2019_1113_1285,0.7580314514079224
2019_1113_1293,0.4179629978339088
2019_1113_1295,0.8955476939420279
2019_1113_1297,0.6544195583443565
2019_1113_1300,0.7151768514454742
2019_1113_1305,0.24224101988165223
2019_1113_1308,0.4194086608299168
2019_1113_1314,0.065859768331186
2019_1113_1318,0.5896030880935986
2019_1113_1326,0.3608444135526286
2019_1113_1328,0.34457365939279333
2019_1113_1330,0.7063242632441303
2019_1113_1332,0.35708576399009373
2019_1113_1341,0.7151768514454742
2019_1113_1345,0.09982299963400063
2019_1113_1371,0.4427113501601803
2019_1113_1385,0.593549659381116
2019_1113_1387,0.6768862907223024
2019_1113_1388,0.2791110810461854
2019_1113_1393,0.3227890220461003
2019_1113_1396,0.5776958826059067
2019_1113_1397,0.08832002714704529
2019_1113_1403,0.09013004872043241
2019_1113_1414,0.5653328189200072
2019_1113_1416,0.3753497475049572
2019_1113_1429,0.31057948169866134
2019_1113_1433,0.7151768514454742
2019_1113_1436,0.5870855799184895
2019_1113_1437,0.24967640624725218
2019_1113_1438,0.026190386404526887
2019_1113_1439,0.12345429725538694
2019_1113_1449,0.4215797443014873
2019_1113_1458,0.13654439583117525
2019_1113_1459,0.20493220686961208
2019_1113_1463,0.5910395685311899
2019_1120_1124,0.765575700437033
2019_1120_1125,0.8048096583341005
2019_1120_1133,0.97056070048998
2019_1120_1138,0.6067334212160393
2019_1120_1153,0.7106179866365294
2019_1120_1159,0.9427879862057131
2019_1120_1181,0.21628625916723962
2019_1120_1192,0.975
2019_1120_1196,0.6762364046446098
2019_1120_1199,0.5285539495514789
2019_1120_1205,0.9714387450918518
2019_1120_1209,0.9334055977312121
2019_1120_1211,0.19753360940646592
2019_1120_1222,0.5278138398842894
2019_1120_1233,0.975
2019_1120_1234,0.7472510593479982
2019_1120_1235,0.5517864429399578
2019_1120_1242,0.5939078485027701
2019_1120_1243,0.6116827128743985
2019_1120_1246,0.3530053988435171
2019_1120_1251,0.8613410750138721
2019_1120_1257,0.5856449476871093
2019_1120_1261,0.5870855799184896
2019_1120_1266,0.6759112062469883
2019_1120_1268,0.6194135002271869
2019_1120_1276,0.2866415038874055
2019_1120_1277,0.2309775627080082
2019_1120_1278,0.7872168454592644
2019_1120_1279,0.7729551827539042
2019_1120_1280,0.5971270136042812
2019_1120_1285,0.9492276736092656
2019_1120_1293,0.8108034101259642
2019_1120_1295,0.975
2019_1120_1297,0.9187067012031919
2019_1120_1300,0.9374408706276631
2019_1120_1305,0.656096755210835
2019_1120_1308,0.8117128936249887
2019_1120_1314,0.2961459308571704
2019_1120_1318,0.8955476939420279
2019_1120_1326,0.7711258099260354
2019_1120_1328,0.758303713976961
2019_1120_1330,0.9348673270167076
2019_1120_1332,0.7682301943532284
2019_1120_1341,0.9374408706276631
2019_1120_1345,0.39823788240681374
2019_1120_1371,0.8258095237282957
2019_1120_1385,0.89706579659221
2019_1120_1387,0.9259362446159093
2019_1120_1388,0.6979394562697514
2019_1120_1393,0.7398898581383508
2019_1120_1396,0.8908742083239597
2019_1120_1397,0.3663420061066903
2019_1120_1403,0.3715278328507696
2019_1120_1414,0.8858681822939779
2019_1120_1416,0.7819465989656398
2019_1120_1429,0.7288841408968104
2019_1120_1433,0.9374408706276631
2019_1120_1436,0.8945713599396579
2019_1120_1437,0.6650857024118892
2019_1120_1438,0.1383046054477097
2019_1120_1439,0.4566744971851201
2019_1120_1449,0.8130708167568701
2019_1120_1458,0.4855259021306144
2019_1120_1459,0.6060245610581055
2019_1120_1463,0.8961020062954266
2019_1124_1125,0.5580212464287732
2019_1124_1133,0.9098699512795676
2019_1124_1138,0.32084449398865794
2019_1124_1153,0.4292019178195774
2019_1124_1159,0.834599496702099
2019_1124_1181,0.07792092860253888
2019_1124_1192,0.9436626936618011
2019_1124_1196,0.39008230641355607
2019_1124_1199,0.25556377976318945
2019_1124_1205,0.9123947459558303
2019_1124_1209,0.8110310962930014
2019_1124_1211,0.07009202486689334
2019_1124_1222,0.2549991684693209
2019_1124_1233,0.9379613480200534
2019_1124_1234,0.4751477892395322
2019_1124_1235,0.27376489716331986
2019_1124_1242,0.3093090960687322
2019_1124_1243,0.3253912844746408
2019_1124_1246,0.14315243631657462
2019_1124_1251,0.6554263406072066
2019_1124_1257,0.3020605437302487
2019_1124_1261,0.3033142321510438
2019_1124_1266,0.3897290705666251
2019_1124_1268,0.3326029297064636
2019_1124_1276,0.10955963154295659
2019_1124_1277,0.08422376277769193
2019_1124_1278,0.5311433237658157
2019_1124_1279,0.5103930669900598
2019_1124_1280,0.3121714867243926
2019_1124_1285,0.8512959628420781
2019_1124_1293,0.5675209077461919
2019_1124_1295,0.9400030638177642
2019_1124_1297,0.7758089937716942
2019_1124_1300,0.8210600719631456
2019_1124_1305,0.3687582891132489
2019_1124_1308,0.5689781769977523
2019_1124_1314,0.11413181770602217
2019_1124_1318,0.724163627053405
2019_1124_1326,0.5077952914665858
2019_1124_1328,0.48997801270753966
2019_1124_1330,0.8146455132796211
2019_1124_1332,0.5037122761428579
2019_1124_1341,0.8210600719631456
2019_1124_1345,0.16849824520874357
2019_1124_1371,0.5921159111355918
2019_1124_1385,0.7274144420940714
2019_1124_1387,0.7928816699299116
2019_1124_1388,0.4143550523128908
2019_1124_1393,0.46552996270779534
2019_1124_1396,0.7142685416116237
2019_1124_1397,0.1504038118278433
2019_1124_1403,0.15327226565210397
2019_1124_1414,0.7038540691428297
2019_1124_1416,0.523370727265281
2019_1124_1429,0.45152106563738376
2019_1124_1433,0.8210600719631456
2019_1124_1436,0.7220824753897483
2019_1124_1437,0.37813914070806903
2019_1124_1438,0.046844757781626105
2019_1124_1439,0.20469036455168704
2019_1124_1449,0.5711618352525648
2019_1124_1458,0.22419100622830565
2019_1124_1459,0.3201976929244689
2019_1124_1463,0.7253485151456163
2019_1125_1133,0.8888366606895738
2019_1125_1138,0.2722912199341673
2019_1125_1153,0.3732631070636362
2019_1125_1159,0.7998643739886867
2019_1125_1181,0.0627335255974843
2019_1125_1192,0.9299079751331065
2019_1125_1196,0.336238652306375
2019_1125_1199,0.21377979868112795
2019_1125_1205,0.8918806421743869
2019_1125_1209,0.7726944772878648
2019_1125_1211,0.0563373063381989
2019_1125_1222,0.21328105228024663
2019_1125_1233,0.9229283365128198
2019_1125_1234,0.4176018012000493
2019_1125_1235,0.22992418929857356
2019_1125_1242,0.2618284862190153
2019_1125_1243,0.276430002324963
2019_1125_1246,0.1168622597324791
2019_1125_1251,0.6010501887158118
2019_1125_1257,0.2552813715286808
2019_1125_1261,0.25641223463610086
2019_1125_1266,0.33590732123534567
2019_1125_1268,0.2830117519377526
2019_1125_1276,0.08879946446629787
2019_1125_1277,0.06789834767038139
2019_1125_1278,0.47292639206441783
2019_1125_1279,0.45225666005394777
2019_1125_1280,0.2644196986816842
2019_1125_1285,0.8193080688321639
2019_1125_1293,0.5096508965498622
2019_1125_1295,0.9254254589861326
2019_1125_1297,0.7326819831741362
2019_1125_1300,0.7842167298856332
2019_1125_1305,0.31633144553813286
2019_1125_1308,0.5111351916158692
2019_1125_1314,0.09259537156866979
2019_1125_1318,0.6752602998599607
2019_1125_1326,0.44968301304906283
2019_1125_1328,0.4321146643637485
2019_1125_1330,0.7768403983707441
2019_1125_1332,0.4456441987366816
2019_1125_1341,0.7842167298856332
2019_1125_1345,0.13830460544770962
2019_1125_1371,0.5348394883708566
2019_1125_1385,0.6788318471249248
2019_1125_1387,0.7519889809180934
2019_1125_1388,0.35913379035664833
2019_1125_1393,0.40824277209393994
2019_1125_1396,0.6644238484058792
2019_1125_1397,0.12297303514932532
2019_1125_1403,0.12539555201125052
2019_1125_1414,0.6530750270698465
2019_1125_1416,0.4651605116291433
2019_1125_1429,0.39468474565152134
2019_1125_1433,0.7842167298856332
2019_1125_1436,0.6729768006248039
2019_1125_1437,0.3250654076773086
2019_1125_1438,0.037468222564155496
2019_1125_1439,0.1693320828487434
2019_1125_1449,0.5133612579286309
2019_1125_1458,0.18625305513828827
2019_1125_1459,0.2717031410638659
2019_1125_1463,0.6765614328778953
2019_1133_1138,0.04470471026009149
2019_1133_1153,0.06932167255093741
2019_1133_1159,0.3332625048048554
2019_1133_1181,0.025
2019_1133_1192,0.6239536712553662
2019_1133_1196,0.05957956916467909
2019_1133_1199,0.03288810244840007
2019_1133_1205,0.5077952914665859
2019_1133_1209,0.29831719168799176
2019_1133_1211,0.025
2019_1133_1222,0.032793772107959786
2019_1133_1233,0.5996250514096738
2019_1133_1234,0.08229701960545296
2019_1133_1235,0.035997230503489006
2019_1133_1242,0.04247649583842583
2019_1133_1243,0.04560098606047077
2019_1133_1246,0.025
2019_1133_1251,0.15854820832681463
2019_1133_1257,0.04110889673468727
2019_1133_1261,0.041343674756901996
2019_1133_1266,0.05949642272724181
2019_1133_1268,0.04704406867019663
2019_1133_1276,0.025
2019_1133_1277,0.025
2019_1133_1278,0.10089555852358287
2019_1133_1279,0.09359834713961909
2019_1133_1280,0.04302339346902904
2019_1133_1285,0.36187248823707835
2019_1133_1293,0.11503573376545351
2019_1133_1295,0.6081497910777964
2019_1133_1297,0.2552813715286808
2019_1133_1300,0.3124904221209785
2019_1133_1305,0.05470222863457346
2019_1133_1308,0.11564179938805816
2019_1133_1314,0.025
2019_1133_1318,0.20638771365087671
2019_1133_1326,0.09272021372167456
2019_1133_1328,0.08689571423559052
2019_1133_1330,0.3033142321510438
2019_1133_1332,0.09135523034403766
2019_1133_1341,0.3124904221209785
2019_1133_1345,0.025
2019_1133_1371,0.1257216252591114
2019_1133_1385,0.20907597395393845
2019_1133_1387,0.2749474102216904
2019_1133_1388,0.06549528239804951
2019_1133_1393,0.07942777987353422
2019_1133_1396,0.19847683538540364
2019_1133_1397,0.025
2019_1133_1403,0.025
2019_1133_1414,0.19056712375978307
2019_1133_1416,0.09810170715667915
2019_1133_1429,0.0753985378660171
2019_1133_1433,0.3124904221209785
2019_1133_1436,0.20469036455168702
2019_1133_1437,0.05681284911281231
2019_1133_1438,0.025
2019_1133_1439,0.025
2019_1133_1449,0.1165561009256399
2019_1133_1458,0.027828920298023776
2019_1133_1459,0.04457804952616559
2019_1133_1463,0.20736229308978593
2019_1138_1153,0.6141488171421973
2019_1138_1159,0.9143916143098002
2019_1138_1181,0.15173688754285625
2019_1138_1192,0.972570017300044
2019_1138_1196,0.5751579630935503
2019_1138_1199,0.4208557085407306
2019_1138_1205,0.9566082787886798
2019_1138_1209,0.9008421913152975
2019_1138_1211,0.1375982466674374
2019_1138_1222,0.42013201306705533
2019_1138_1233,0.9697001662667041
2019_1138_1234,0.6571012115193733
2019_1138_1235,0.4438107115676425
2019_1138_1242,0.4866387420713691
2019_1138_1243,0.505197094924261
2019_1138_1246,0.26125489167211285
2019_1138_1251,0.8010502824807851
2019_1138_1257,0.4781111675939149
2019_1138_1261,0.47959344783687236
2019_1138_1266,0.5747950762212477
2019_1138_1268,0.5133612579286309
2019_1138_1276,0.20663104035897978
2019_1138_1277,0.16295532066215843
2019_1138_1278,0.7057078438234966
2019_1138_1279,0.6881472708109638
2019_1138_1280,0.48997801270753966
2019_1138_1285,0.9237691106699106
2019_1138_1293,0.735291377054849
2019_1138_1295,0.9707299412520956
2019_1138_1297,0.8798807632605911
2019_1138_1300,0.9066533063343952
2019_1138_1305,0.552887943233426
2019_1138_1308,0.7364458612443588
2019_1138_1314,0.21427939370989646
2019_1138_1318,0.847497007943146
2019_1138_1326,0.6859122401049808
2019_1138_1328,0.6703570188793384
2019_1138_1330,0.9029443580065721
2019_1138_1332,0.6823825899610865
2019_1138_1341,0.9066533063343952
2019_1138_1345,0.30018553563830297
2019_1138_1371,0.754473067071936
2019_1138_1385,0.8495961881721567
2019_1138_1387,0.8901503022019238
2019_1138_1388,0.5996250514096737
2019_1138_1393,0.6483500088415052
2019_1138_1396,0.8410551766794991
2019_1138_1397,0.27258555790592853
2019_1138_1403,0.2770244205367159
2019_1138_1414,0.8341891181560949
2019_1138_1416,0.6991902002103331
2019_1138_1429,0.6353798114341074
2019_1138_1433,0.9066533063343952
2019_1138_1436,0.8461486958000067
2019_1138_1437,0.5627768330192984
2019_1138_1438,0.09423014411318291
2019_1138_1439,0.3526663241453652
2019_1138_1449,0.7381715137809847
2019_1138_1458,0.3795368803458027
2019_1138_1459,0.4992575316743398
2019_1138_1463,0.8482631124571437
2019_1153_1159,0.8703086120879608
2019_1153_1181,0.1010303454644693
2019_1153_1192,0.9570377034830942
2019_1153_1196,0.45962355682356865
2019_1153_1199,0.3134482934448234
2019_1153_1205,0.9326633599985771
2019_1153_1209,0.8509196105256983
2019_1153_1211,0.09110900161687825
2019_1153_1222,0.3128095351757741
2019_1153_1233,0.9526219540219028
2019_1153_1234,0.5462715283747572
2019_1153_1235,0.33392273345585693
2019_1153_1242,0.37326310706363613
2019_1153_1243,0.3907891237634551
2019_1153_1246,0.18179370657336538
2019_1153_1251,0.7166868332217335
2019_1153_1257,0.365308502708587
2019_1153_1261,0.3666867812979557
2019_1153_1266,0.4592547653974805
2019_1153_1268,0.39859379324370803
2019_1153_1276,0.14062131406220088
2019_1153_1277,0.10898151372779774
2019_1153_1278,0.6010501887158118
2019_1153_1279,0.5809528856548375
2019_1153_1280,0.37639481191463253
2019_1153_1285,0.8839018316661122
2019_1153_1293,0.6357237611785928
2019_1153_1295,0.9542047406858343
2019_1153_1297,0.8214959913738518
2019_1153_1300,0.8591991399430361
2019_1153_1305,0.4372231669807016
2019_1153_1308,0.6370981710865082
2019_1153_1314,0.14627683295247168
2019_1153_1318,0.777354830849679
2019_1153_1326,0.5784202556985126
2019_1153_1328,0.5609490775074
2019_1153_1330,0.8539085085697076
2019_1153_1332,0.5744321087311965
2019_1153_1341,0.8591991399430361
2019_1153_1345,0.21228610548849103
2019_1153_1371,0.6587721797703493
2019_1153_1385,0.7801690687790465
2019_1153_1387,0.8358257460891889
2019_1153_1388,0.48478408787975635
2019_1153_1393,0.5366861623699557
2019_1153_1396,0.7687585669992939
2019_1153_1397,0.19056712375978305
2019_1153_1403,0.19402662832035095
2019_1153_1414,0.7596618939301605
2019_1153_1416,0.593549659381116
2019_1153_1429,0.5226298296330755
2019_1153_1433,0.8591991399430361
2019_1153_1436,0.7755506136681432
2019_1153_1437,0.44711205676657395
2019_1153_1438,0.06135097137931299
2019_1153_1439,0.25499916846932097
2019_1153_1449,0.6391555864473715
2019_1153_1458,0.2776196265285854
2019_1153_1459,0.3851476503428895
2019_1153_1463,0.7783811552747096
2019_1159_1181,0.025
2019_1159_1192,0.7684944860066937
2019_1159_1196,0.11249070483367525
2019_1159_1199,0.0637008386330026
2019_1159_1205,0.6736300718519554
2019_1159_1209,0.45962355682356865
2019_1159_1211,0.025
2019_1159_1222,0.06352393557820568
2019_1159_1233,0.7497668094058808
2019_1159_1234,0.15211954404524872
2019_1159_1235,0.0695135228143678
2019_1159_1242,0.08151537904669645
2019_1159_1243,0.08724983181669876
2019_1159_1246,0.03204848395145851
2019_1159_1251,0.27376489716331975
2019_1159_1257,0.07899455468784526
2019_1159_1261,0.07942777987353422
2019_1159_1266,0.11234253906401172
2019_1159_1268,0.08988679554283893
2019_1159_1276,0.025
2019_1159_1277,0.025
2019_1159_1278,0.1833449604611551
2019_1159_1279,0.17122022389653113
2019_1159_1280,0.08252159556271081
2019_1159_1285,0.5315131007819506
2019_1159_1293,0.20638771365087671
2019_1159_1295,0.7563934950044247
2019_1159_1297,0.40680862927033057
2019_1159_1300,0.47625886228131475
2019_1159_1305,0.10375982254386185
2019_1159_1308,0.20736229308978593
2019_1159_1314,0.025
2019_1159_1318,0.34222993104551586
2019_1159_1326,0.16975023209154055
2019_1159_1328,0.15993988099560844
2019_1159_1330,0.46552996270779545
2019_1159_1332,0.16746055624474993
2019_1159_1341,0.47625886228131475
2019_1159_1345,0.03860920678901856
2019_1159_1371,0.2234171353586302
2019_1159_1385,0.3459163441187491
2019_1159_1387,0.431386029358753
2019_1159_1388,0.12297303514932538
2019_1159_1393,0.14720646469999538
2019_1159_1396,0.33128574789595777
2019_1159_1397,0.03389452405096466
2019_1159_1403,0.034631524728648465
2019_1159_1414,0.32019769292446887
2019_1159_1416,0.17872186434773368
2019_1159_1429,0.14026279655073925
2019_1159_1433,0.47625886228131475
2019_1159_1436,0.33989387724307085
2019_1159_1437,0.10754792203532071
2019_1159_1438,0.025
2019_1159_1439,0.04853049671203834
2019_1159_1449,0.2088305259601898
2019_1159_1458,0.05416720806742974
2019_1159_1459,0.08537619098558621
2019_1159_1463,0.34356827034563364
2019_1181_1192,0.975
2019_1181_1196,0.8832909067980775
2019_1181_1199,0.802466390593534
2019_1181_1205,0.975
2019_1181_1209,0.975
2019_1181_1211,0.47144605044852095
2019_1181_1222,0.8019952005878526
2019_1181_1233,0.975
2019_1181_1234,0.9146238090144138
2019_1181_1235,0.8168772741137815
2019_1181_1242,0.8412535846667296
2019_1181_1243,0.8509196105256982
2019_1181_1246,0.6640926787646543
2019_1181_1251,0.9574630673633652
2019_1181_1257,0.8366391800969791
2019_1181_1261,0.8374493675972242
2019_1181_1266,0.8831377402675209
2019_1181_1268,0.8550164725365086
2019_1181_1276,0.5928329829021248
2019_1181_1277,0.5211477388327306
2019_1181_1278,0.9305824636507288
2019_1181_1279,0.9250145006389071
2019_1181_1280,0.8430302229162906
2019_1181_1285,0.975
2019_1181_1293,0.9394986106554476
2019_1181_1295,0.975
2019_1181_1297,0.975
2019_1181_1300,0.975
2019_1181_1305,0.8736240501471961
2019_1181_1308,0.9398353518125506
2019_1181_1314,0.6038953121172527
2019_1181_1318,0.9688152861580155
2019_1181_1326,0.9242903130436232
2019_1181_1328,0.9191492078917286
2019_1181_1330,0.975
2019_1181_1332,0.9231393234097532
2019_1181_1341,0.975
2019_1181_1345,0.7057078438234966
2019_1181_1371,0.9449898138381989
2019_1181_1385,0.9693050210343349
2019_1181_1387,0.975
2019_1181_1388,0.8933042507412443
2019_1181_1393,0.9115603331438951
2019_1181_1396,0.9673002968203368
2019_1181_1397,0.6768862907223022
2019_1181_1403,0.6817385609057403
2019_1181_1414,0.9656651116330435
2019_1181_1416,0.9285407878939987
2019_1181_1429,0.9069043526933984
2019_1181_1433,0.975
2019_1181_1436,0.9684997082089031
2019_1181_1437,0.8779846506496014
2019_1181_1438,0.3677219248636403
2019_1181_1439,0.752818877521318
2019_1181_1449,0.9403371755717037
2019_1181_1458,0.7737360315115733
2019_1181_1459,0.8478804559547513
2019_1181_1463,0.9689942404150368
2019_1192_1196,0.036778211779104994
2019_1192_1199,0.025
2019_1192_1205,0.3833909238014952
2019_1192_1209,0.20396610961089576
2019_1192_1211,0.025
2019_1192_1222,0.025
2019_1192_1233,0.47440720986440843
2019_1192_1234,0.05127563285745673
2019_1192_1235,0.025
2019_1192_1242,0.02603932190911505
2019_1192_1243,0.027990068600647972
2019_1192_1246,0.025
2019_1192_1251,0.10197833609227808
2019_1192_1257,0.025187023242528448
2019_1192_1261,0.02533327182323083
2019_1192_1266,0.0367256431751147
2019_1192_1268,0.028892710146635886
2019_1192_1276,0.025
2019_1192_1277,0.025
2019_1192_1278,0.06334749056095682
2019_1192_1279,0.05858895968041187
2019_1192_1280,0.026380416639359156
2019_1192_1285,0.25471717067239075
2019_1192_1293,0.07265063582362495
2019_1192_1295,0.48330066376311204
2019_1192_1297,0.17122022389653113
2019_1192_1300,0.2150303773383553
2019_1192_1305,0.033700560403370626
2019_1192_1308,0.07305182900900278
2019_1192_1314,0.025
2019_1192_1318,0.13549734819210033
2019_1192_1326,0.058018257723084464
2019_1192_1328,0.05424333644901283
2019_1192_1330,0.20785085549579319
2019_1192_1332,0.05713197067951255
2019_1192_1341,0.2150303773383553
2019_1192_1345,0.025
2019_1192_1371,0.07975412228196206
2019_1192_1385,0.13742213138370768
2019_1192_1387,0.18602809858250507
2019_1192_1388,0.040527522102348855
2019_1192_1393,0.04942968197143256
2019_1192_1396,0.12985908729431184
2019_1192_1397,0.025
2019_1192_1403,0.025
2019_1192_1414,0.12425999639286277
2019_1192_1416,0.06152222065328398
2019_1192_1429,0.046844757781626105
2019_1192_1433,0.2150303773383553
2019_1192_1436,0.13428435838839997
2019_1192_1437,0.035030885510208894
2019_1192_1438,0.025
2019_1192_1439,0.025
2019_1192_1449,0.07365744640596177
2019_1192_1458,0.025
2019_1192_1459,0.027350864711017706
2019_1192_1463,0.13619462524646464
2019_1196_1199,0.3492837809013765
2019_1196_1205,0.9421438394333763
2019_1196_1209,0.8703086120879608
2019_1196_1211,0.10542864006034211
2019_1196_1222,0.3486090763756692
2019_1196_1233,0.9594146966182175
2019_1196_1234,0.586005244131945
2019_1196_1235,0.37083464705652935
2019_1196_1242,0.4118349222010369
2019_1196_1243,0.4299296530606061
2019_1196_1246,0.20711833007008848
2019_1196_1251,0.7483712333899067
2019_1196_1257,0.4035876441025215
2019_1196_1261,0.4050181848417221
2019_1196_1266,0.49962876563252334
2019_1196_1268,0.437954067509838
2019_1196_1276,0.16134142697982434
2019_1196_1277,0.12572162525911143
2019_1196_1278,0.6391555864473715
2019_1196_1279,0.6197634979418742
2019_1196_1280,0.41507591980439634
2019_1196_1285,0.8995078448384614
2019_1196_1293,0.6723228578567478
2019_1196_1295,0.9607798969073709
2019_1196_1297,0.84401023346635
2019_1196_1300,0.8776661376868933
2019_1196_1305,0.4773701703669244
2019_1196_1308,0.6736300718519554
2019_1196_1314,0.16766768482185415
2019_1196_1318,0.8041088965631271
2019_1196_1326,0.6173109180894982
2019_1196_1328,0.6003378324015387
2019_1196_1330,0.8729668149041212
2019_1196_1332,0.6134448074598879
2019_1196_1341,0.8776661376868933
2019_1196_1345,0.24060932414583236
2019_1196_1371,0.6941696048590933
2019_1196_1385,0.8066690672687894
2019_1196_1387,0.8568475636834254
2019_1196_1388,0.5252225143168066
2019_1196_1393,0.5766086969484433
2019_1196_1396,0.7962748847419024
2019_1196_1397,0.216790096565903
2019_1196_1403,0.2205959087725329
2019_1196_1414,0.7879621007738817
2019_1196_1416,0.6319327556168959
2019_1196_1429,0.5627768330192984
2019_1196_1433,0.8776661376868933
2019_1196_1436,0.802466390593534
2019_1196_1437,0.4873807096478998
2019_1196_1438,0.071360745017427
2019_1196_1439,0.28694523738736044
2019_1196_1449,0.6755858379101842
2019_1196_1458,0.31121574851100026
2019_1196_1459,0.42411650650714877
2019_1196_1463,0.8050428232175226
2019_1199_1205,0.9680894227829195
2019_1199_1209,0.9259362446159093
2019_1199_1211,0.18003336798418845
2019_1199_1222,0.4992575316743398
2019_1199_1233,0.975
2019_1199_1234,0.7250525897783096
2019_1199_1235,0.5233707272652812
2019_1199_1242,0.5660624691319197
2019_1199_1243,0.5842028489869648
2019_1199_1246,0.3273500869321562
2019_1199_1251,0.8471127676602651
2019_1199_1257,0.5576549794945731
2019_1199_1261,0.5591196670333587
2019_1199_1266,0.6503786400965352
2019_1199_1268,0.5921159111355918
2019_1199_1276,0.2638424564811592
2019_1199_1277,0.2112945535116089
2019_1199_1278,0.7674360558259269
2019_1199_1279,0.752265820473069
2019_1199_1280,0.569342308751838
2019_1199_1285,0.9434253919619191
2019_1199_1293,0.7926377069102141
2019_1199_1295,0.975
2019_1199_1297,0.909748102411209
2019_1199_1300,0.9303903679242067
2019_1199_1305,0.6298580071229375
2019_1199_1308,0.7936122863491234
2019_1199_1314,0.2728800947384892
2019_1199_1318,0.8843582006119418
2019_1199_1326,0.7503235937527478
2019_1199_1328,0.7367339765800104
2019_1199_1330,0.9275491984033418
2019_1199_1332,0.7472510593479982
2019_1199_1341,0.9303903679242067
2019_1199_1345,0.3711811736546212
2019_1199_1371,0.8087447681348929
2019_1199_1385,0.8860182320274622
2019_1199_1387,0.917702980394547
2019_1199_1388,0.673303520296386
2019_1199_1393,0.7172894687251773
2019_1199_1396,0.8792515695216377
2019_1199_1397,0.3402271259962687
2019_1199_1403,0.3452446932043681
2019_1199_1414,0.8737879038638365
2019_1199_1416,0.7618241072150547
2019_1199_1429,0.7057078438234966
2019_1199_1433,0.9303903679242067
2019_1199_1436,0.8832909067980775
2019_1199_1437,0.6391555864473715
2019_1199_1438,0.12523278722053588
2019_1199_1439,0.4284744885433815
2019_1199_1449,0.795067793130388
2019_1199_1458,0.45704296788347487
2019_1199_1459,0.5784202556985127
2019_1199_1463,0.8849642662345465
2019_1205_1209,0.29183101358757946
2019_1205_1211,0.025
2019_1205_1222,0.0318189583883907
2019_1205_1233,0.5921159111355918
2019_1205_1234,0.0799723637701116
2019_1205_1235,0.03493063117815956
2019_1205_1242,0.041226125803233996
2019_1205_1243,0.04426289285283788
2019_1205_1246,0.025
2019_1205_1251,0.15443213128996972
2019_1205_1257,0.03989710695843062
2019_1205_1261,0.040125253897748056
2019_1205_1266,0.05777527147778066
2019_1205_1268,0.04566565645683581
2019_1205_1276,0.025
2019_1205_1277,0.025
2019_1205_1278,0.0981017071566792
2019_1205_1279,0.09098611130622897
2019_1205_1280,0.04175762661742818
2019_1205_1285,0.3547029876398263
2019_1205_1293,0.11189906413567784
2019_1205_1295,0.6006940638159963
2019_1205_1297,0.24939832425259748
2019_1205_1300,0.3058303951409067
2019_1205_1305,0.05311193490262717
2019_1205_1308,0.11249070483367525
2019_1205_1314,0.025
2019_1205_1318,0.20132682687449618
2019_1205_1326,0.09013004872043241
2019_1205_1328,0.08445311266544771
2019_1205_1330,0.2967653567111238
2019_1205_1332,0.08879946446629787
2019_1205_1341,0.3058303951409067
2019_1205_1345,0.025
2019_1205_1371,0.12233386231310679
2019_1205_1385,0.20396610961089576
2019_1205_1387,0.26877471953090026
2019_1205_1388,0.06361232978827117
2019_1205_1393,0.07717735587540141
2019_1205_1396,0.19356262029981203
2019_1205_1397,0.025
2019_1205_1403,0.025
2019_1205_1414,0.1858033516913487
2019_1205_1416,0.09537701231976452
2019_1205_1429,0.07325319007194016
2019_1205_1433,0.3058303951409067
2019_1205_1436,0.1996606276764142
2019_1205_1437,0.05516477655132635
2019_1205_1438,0.025
2019_1205_1439,0.025
2019_1205_1449,0.11338328695822492
2019_1205_1458,0.026997570173787018
2019_1205_1459,0.04326861204204865
2019_1205_1463,0.20228359973028806
2019_1209_1211,0.025
2019_1209_1222,0.07386034378660776
2019_1209_1233,0.7788930468882567
2019_1209_1234,0.17419047627170428
2019_1209_1235,0.08074050919319578
2019_1209_1242,0.09448393108178284
2019_1209_1243,0.10103034546446926
2019_1209_1246,0.037468222564155496
2019_1209_1251,0.30709284566657613
2019_1209_1257,0.09160205745519726
2019_1209_1261,0.09209751119528332
2019_1209_1266,0.1295238728592006
2019_1209_1268,0.10403632750182674
2019_1209_1276,0.027869122684155406
2019_1209_1277,0.025
2019_1209_1278,0.2088305259601898
2019_1209_1279,0.1954237177166109
2019_1209_1280,0.09563356198502067
2019_1209_1285,0.5715255114566186
2019_1209_1293,0.23415790356422608
2019_1209_1295,0.7849696226616447
2019_1209_1297,0.44637801087305495
2019_1209_1300,0.516699336236888
2019_1209_1305,0.11980570275951367
2019_1209_1308,0.23522474855607156
2019_1209_1314,0.029143747788115116
2019_1209_1318,0.3795368803458028
2019_1209_1326,0.19379451881878773
2019_1209_1328,0.1829007003547375
2019_1209_1330,0.5059394715758795
2019_1209_1332,0.19125523186510707
2019_1209_1341,0.516699336236888
2019_1209_1345,0.045086753778274216
2019_1209_1371,0.2527489406520019
2019_1209_1385,0.3833909238014952
2019_1209_1387,0.4714460504485211
2019_1209_1388,0.14152096149672808
2019_1209_1393,0.16870639719368896
2019_1209_1396,0.36806724438310406
2019_1209_1397,0.0396136713755568
2019_1209_1403,0.0404698196160912
2019_1209_1414,0.35640424304172863
2019_1209_1416,0.20372511525809758
2019_1209_1429,0.1609399760901464
2019_1209_1433,0.516699336236888
2019_1209_1436,0.37709216178710037
2019_1209_1437,0.12409849642353867
2019_1209_1438,0.025
2019_1209_1439,0.05657460803808085
2019_1209_1449,0.23683131683287006
2019_1209_1458,0.06308367966500322
2019_1209_1459,0.0988928385889464
2019_1209_1463,0.3809366216338106
2019_1211_1222,0.8195277982901966
2019_1211_1233,0.975
2019_1211_1234,0.9231393234097532
2019_1211_1235,0.8333659142196825
2019_1211_1242,0.8559344376133382
2019_1211_1243,0.8648501600958198
2019_1211_1246,0.6891024742287316
2019_1211_1251,0.961883814226936
2019_1211_1257,0.8516715306767795
2019_1211_1261,0.8524203161012678
2019_1211_1266,0.8944312282707637
2019_1211_1268,0.8686233038178762
2019_1211_1276,0.6201133711905958
2019_1211_1277,0.5495819279044521
2019_1211_1278,0.9376148143091239
2019_1211_1279,0.9325700423819808
2019_1211_1280,0.857574589315765
2019_1211_1285,0.975
2019_1211_1293,0.945680434320736
2019_1211_1295,0.975
2019_1211_1297,0.975
2019_1211_1300,0.975
2019_1211_1305,0.8857179605078787
2019_1211_1308,0.9459847466145671
2019_1211_1314,0.6308959862796527
2019_1211_1318,0.9720906185195984
2019_1211_1326,0.9319134529929688
2019_1211_1328,0.9272492566686608
2019_1211_1330,0.975
2019_1211_1332,0.9308696875634017
2019_1211_1341,0.975
2019_1211_1345,0.7288841408968104
2019_1211_1371,0.9506400432264931
2019_1211_1385,0.9725303749452489
2019_1211_1387,0.975
2019_1211_1388,0.9037223623964721
2019_1211_1393,0.9203547943628814
2019_1211_1396,0.9707299412520956
2019_1211_1397,0.7013718820763194
2019_1211_1403,0.7060161478216663
2019_1211_1414,0.969260809180153
2019_1211_1416,0.9357656939449228
2019_1211_1429,0.9161192016958198
2019_1211_1433,0.975
2019_1211_1436,0.9718072212082107
2019_1211_1437,0.8897139406556239
2019_1211_1438,0.3946847456515215
2019_1211_1439,0.7734759598956839
2019_1211_1449,0.9464382023628092
2019_1211_1458,0.7931254208374737
2019_1211_1459,0.862048953694865
2019_1211_1463,0.9722513155408038
2019_1222_1233,0.975
2019_1222_1234,0.7256442425290778
2019_1222_1235,0.5241115220560323
2019_1222_1242,0.5667918330893907
2019_1222_1243,0.5849240801956037
2019_1222_1246,0.3280043647766346
2019_1222_1251,0.8474970079431461
2019_1222_1257,0.558387450254814
2019_1222_1261,0.5598516267348413
2019_1222_1266,0.6510536470313507
2019_1222_1268,0.5928329829021249
2019_1222_1276,0.2644196986816842
2019_1222_1277,0.21178990514184887
2019_1222_1278,0.7679656920784623
2019_1222_1279,0.752818877521318
2019_1222_1280,0.570070346939394
2019_1222_1285,0.9435836972722302
2019_1222_1293,0.7931254208374737
2019_1222_1295,0.975
2019_1222_1297,0.909991651916087
2019_1222_1300,0.9305824636507288
2019_1222_1305,0.630550127247814
2019_1222_1308,0.7940983035155508
2019_1222_1314,0.2734697644915547
2019_1222_1318,0.884661579606763
2019_1222_1326,0.7508795508549536
2019_1222_1328,0.7373095996651609
2019_1222_1330,0.9277485257880863
2019_1222_1332,0.747811558575599
2019_1222_1341,0.9305824636507288
2019_1222_1345,0.37187462433867874
2019_1222_1371,0.809203717416501
2019_1222_1385,0.8863178158577315
2019_1222_1387,0.9179269998580021
2019_1222_1388,0.6739564550614853
2019_1222_1393,0.7178913269420932
2019_1222_1396,0.87956652102499
2019_1222_1397,0.3408940977450736
2019_1222_1403,0.34591634411874916
2019_1222_1414,0.8741150660383907
2019_1222_1416,0.7623625664950414
2019_1222_1429,0.7063242632441303
2019_1222_1433,0.9305824636507288
2019_1222_1436,0.8835967172251784
2019_1222_1437,0.6398402623639626
2019_1222_1438,0.125558497983196
2019_1222_1439,0.4292019178195775
2019_1222_1449,0.7955512657555904
2019_1222_1458,0.4577800499169765
2019_1222_1459,0.5791442914592695
2019_1222_1463,0.8852662615324494
2019_1233_1234,0.056495403254839247
2019_1233_1235,0.025
2019_1233_1242,0.02876797932524175
2019_1233_1243,0.030916655624971073
2019_1233_1246,0.025
2019_1233_1251,0.11175157951556997
2019_1233_1257,0.027828920298023776
2019_1233_1261,0.027990068600647972
2019_1233_1266,0.040527522102348834
2019_1233_1268,0.03191057721708051
2019_1233_1276,0.025
2019_1233_1277,0.025
2019_1233_1278,0.06970586426317404
2019_1233_1279,0.06450259750513408
2019_1233_1280,0.029143747788115116
2019_1233_1285,0.2746514848543837
2019_1233_1293,0.07986317494812373
2019_1233_1295,0.5089086835643558
2019_1233_1297,0.1862530551382883
2019_1233_1300,0.23282907807007147
2019_1233_1305,0.03720137358212179
2019_1233_1308,0.08030074851664104
2019_1233_1314,0.025
2019_1233_1318,0.14795368517105897
2019_1233_1326,0.06387820072801209
2019_1233_1328,0.059746188639918416
2019_1233_1330,0.2252257957324928
2019_1233_1332,0.06290837536256505
2019_1233_1341,0.23282907807007147
2019_1233_1345,0.025
2019_1233_1371,0.08760525404416965
2019_1233_1385,0.15002470758446082
2019_1233_1387,0.20204408876257346
2019_1233_1388,0.04470471026009147
2019_1233_1393,0.054472327151118244
2019_1233_1396,0.14188216420729452
2019_1233_1397,0.025
2019_1233_1403,0.025
2019_1233_1414,0.13584560966936435
2019_1233_1416,0.06771063074224778
2019_1233_1429,0.0516380232378841
2019_1233_1433,0.23282907807007147
2019_1233_1436,0.1466481005175643
2019_1233_1437,0.03866436328359055
2019_1233_1438,0.025
2019_1233_1439,0.025
2019_1233_1449,0.08096121239130512
2019_1233_1458,0.025
2019_1233_1459,0.03021269520096814
2019_1233_1463,0.14870403715792202
2019_1234_1235,0.2939838521783338
2019_1234_1242,0.33095686392474394
2019_1234_1243,0.34759815733043503
2019_1234_1246,0.15579436399985191
2019_1234_1251,0.6775354943493662
2019_1234_1257,0.3234385671221048
2019_1234_1261,0.3247397001400392
2019_1234_1266,0.41363455144012196
2019_1234_1268,0.3550429465115142
2019_1234_1276,0.11964920104873251
2019_1234_1277,0.09222175032568568
2019_1234_1278,0.5558227117768495
2019_1234_1279,0.5352089012247807
2019_1234_1280,0.33392273345585693
2019_1234_1285,0.8634556041688248
2019_1234_1293,0.59175722790606
2019_1234_1295,0.9453745065854585
2019_1234_1297,0.7926377069102141
2019_1234_1300,0.8352135369816337
2019_1234_1305,0.39220413173922464
2019_1234_1308,0.5931913707296694
2019_1234_1314,0.12458353741079156
2019_1234_1318,0.7435877653638991
2019_1234_1326,0.5326222225847768
2019_1234_1328,0.5148450131710602
2019_1234_1330,0.8292008014817243
2019_1234_1332,0.5285539495514789
2019_1234_1341,0.8352135369816337
2019_1234_1345,0.18290070035473735
2019_1234_1371,0.6159067480235033
2019_1234_1385,0.7466897363614988
2019_1234_1387,0.8087447681348929
2019_1234_1388,0.4386852374525926
2019_1234_1393,0.4903491034501377
2019_1234_1396,0.7341336614086623
2019_1234_1397,0.16356387384373333
2019_1234_1403,0.16663408578031758
2019_1234_1414,0.724163627053405
2019_1234_1416,0.5481111634305278
2019_1234_1429,0.47625886228131475
2019_1234_1433,0.8352135369816337
2019_1234_1436,0.7416008728754676
2019_1234_1437,0.4018017735344484
2019_1234_1438,0.05149277738142605
2019_1234_1439,0.22136279301867956
2019_1234_1449,0.5953396026321536
2019_1234_1458,0.2419685485920775
2019_1234_1459,0.34222993104551586
2019_1234_1463,0.7447186284713193
2019_1235_1242,0.5429570321165249
2019_1235_1243,0.5613147625474073
2019_1235_1246,0.30709284566657613
2019_1235_1251,0.834599496702099
2019_1235_1257,0.5344700372922045
2019_1235_1261,0.5359476106534568
2019_1235_1266,0.6288188263453786
2019_1235_1268,0.5693423087518379
2019_1235_1276,0.2460774986204141
2019_1235_1277,0.19612511316387596
2019_1235_1278,0.7503235937527478
2019_1235_1279,0.7344233928933537
2019_1235_1280,0.5462715283747572
2019_1235_1285,0.9382200677682137
2019_1235_1293,0.7768403983707441
2019_1235_1295,0.975
2019_1235_1297,0.9017668304430123
2019_1235_1300,0.9240822258424689
2019_1235_1305,0.6077958682607754
2019_1235_1308,0.7778684165410955
2019_1235_1314,0.25471717067239075
2019_1235_1318,0.8744415020168039
2019_1235_1326,0.7323910441408553
2019_1235_1328,0.7181919642095186
2019_1235_1330,0.9210054453121548
2019_1235_1332,0.7291774827338049
2019_1235_1341,0.9240822258424689
2019_1235_1345,0.34962135990346466
2019_1235_1371,0.793855400970808
2019_1235_1385,0.8762239630544824
2019_1235_1387,0.9103558657985202
2019_1235_1388,0.6524018426695649
2019_1235_1393,0.6979394562697512
2019_1235_1396,0.8689618458096646
2019_1235_1397,0.31955158226230496
2019_1235_1403,0.3244141620898157
2019_1235_1414,0.8631050776714718
2019_1235_1416,0.7444362202368106
2019_1235_1429,0.6859122401049808
2019_1235_1433,0.9240822258424689
2019_1235_1436,0.8732957968446998
2019_1235_1437,0.6173109180894982
2019_1235_1438,0.11533842039323713
2019_1235_1439,0.4057340622586469
2019_1235_1449,0.7794040912274671
2019_1235_1458,0.4339375308680802
2019_1235_1459,0.5554560743428527
2019_1235_1463,0.8750921993087896
2019_1242_1243,0.5185531995365407
2019_1242_1246,0.27170314106386595
2019_1242_1251,0.809432876240217
2019_1242_1257,0.4914624378610943
2019_1242_1261,0.4929470135751883
2019_1242_1266,0.5878053388737495
2019_1242_1268,0.5267034471165057
2019_1242_1276,0.2155320937403392
2019_1242_1277,0.17037899559603523
2019_1242_1278,0.7166868332217335
2019_1242_1279,0.6995024247547135
2019_1242_1280,0.5033410601929689
2019_1242_1285,0.9274493447108023
2019_1242_1293,0.745564621775408
2019_1242_1295,0.9722112257522414
2019_1242_1297,0.8854170002571771
2019_1242_1300,0.9110803097149617
2019_1242_1305,0.5660624691319197
2019_1242_1308,0.7466897363614988
2019_1242_1314,0.2234171353586303
2019_1242_1318,0.8542786076064639
2019_1242_1326,0.6973129793866446
2019_1242_1328,0.6820606624896224
2019_1242_1330,0.9075293196240475
2019_1242_1332,0.6938542644377464
2019_1242_1341,0.9110803097149617
2019_1242_1345,0.3115341497173111
2019_1242_1371,0.7642405684119087
2019_1242_1385,0.8563002679862424
2019_1242_1387,0.8952695592565625
2019_1242_1388,0.612387903985883
2019_1242_1393,0.6604392130896214
2019_1242_1396,0.8480718830968206
2019_1242_1397,0.2833131667782665
2019_1242_1403,0.28785759075719647
2019_1242_1414,0.8414517916731854
2019_1242_1416,0.7103125284671904
2019_1242_1429,0.6476726022188357
2019_1242_1433,0.9110803097149617
2019_1242_1436,0.8529798518746905
2019_1242_1437,0.5758834934928513
2019_1242_1438,0.09889283858894646
2019_1242_1439,0.36496427662699976
2019_1242_1449,0.7483712333899069
2019_1242_1458,0.39220413173922464
2019_1242_1459,0.5126192903521003
2019_1242_1463,0.8550164725365086
2019_1243_1246,0.2572625328875306
2019_1243_1251,0.797716400269712
2019_1243_1257,0.47292639206441794
2019_1243_1261,0.47440720986440843
2019_1243_1266,0.5697063655250846
2019_1243_1268,0.5081664313033705
2019_1243_1276,0.2032437624106876
2019_1243_1277,0.16013949668011804
2019_1243_1278,0.7013718820763195
2019_1243_1279,0.6836685544618671
2019_1243_1280,0.48478408787975646
2019_1243_1285,0.9222921874435729
2019_1243_1293,0.7312252804690998
2019_1243_1295,0.9701334370991097
2019_1243_1297,0.8776661376868933
2019_1243_1300,0.9048789215048395
2019_1243_1305,0.5477433399460523
2019_1243_1308,0.7323910441408554
2019_1243_1314,0.2108000506010614
2019_1243_1318,0.8447906460790736
2019_1243_1326,0.6814162854235627
2019_1243_1328,0.6657469077435773
2019_1243_1330,0.9011071614110536
2019_1243_1332,0.6778598396859935
2019_1243_1341,0.9048789215048395
2019_1243_1345,0.29583649893450575
2019_1243_1371,0.7506016757474027
2019_1243_1385,0.8469203501800038
2019_1243_1387,0.8881009358643221
2019_1243_1388,0.5946239267440034
2019_1243_1393,0.6435957569582714
2019_1243_1396,0.8382563137805057
2019_1243_1397,0.26848297770981827
2019_1243_1403,0.2728800947384892
2019_1243_1414,0.831293602806311
2019_1243_1416,0.6947997401369284
2019_1243_1429,0.630550127247814
2019_1243_1433,0.9048789215048395
2019_1243_1436,0.8434228270729499
2019_1243_1437,0.5576549794945731
2019_1243_1438,0.0924706803759525
2019_1243_1439,0.347934978287617
2019_1243_1449,0.7341336614086624
2019_1243_1458,0.3746536818168467
2019_1243_1459,0.49406052842412057
2019_1243_1463,0.8455678687100303
2019_1246_1251,0.9192594908068041
2019_1246_1257,0.7214860897239145
2019_1246_1261,0.7226780748736538
2019_1246_1266,0.7926377069102141
2019_1246_1268,0.7489300831457109
2019_1246_1276,0.4241165065071487
2019_1246_1277,0.3550429465115142
2019_1246_1278,0.8714773532339587
2019_1246_1279,0.8618722691174401
2019_1246_1280,0.7309333382371314
2019_1246_1285,0.9716440273743167
2019_1246_1293,0.8870637736410364
2019_1246_1295,0.975
2019_1246_1297,0.9539444837575134
2019_1246_1300,0.9648685828925806
2019_1246_1305,0.7776117295546581
2019_1246_1308,0.8876574609359883
2019_1246_1314,0.4353971144952006
2019_1246_1318,0.9401703380785518
2019_1246_1326,0.8606301512000871
2019_1246_1328,0.8518590206630919
2019_1246_1330,0.9633792772910282
2019_1246_1332,0.8586593516989313
2019_1246_1341,0.9648685828925806
2019_1246_1345,0.5481111634305278
2019_1246_1371,0.8967912384257224
2019_1246_1385,0.9410825654185063
2019_1246_1387,0.9581829147433989
2019_1246_1388,0.808974348060403
2019_1246_1393,0.8390600239098536
2019_1246_1396,0.9373537291452879
2019_1246_1397,0.5144740978693855
2019_1246_1403,0.5200359249333433
2019_1246_1414,0.9343227097075633
2019_1246_1416,0.8679439927133148
2019_1246_1429,0.831293602806311
2019_1246_1433,0.9648685828925806
2019_1246_1436,0.9395829608941321
2019_1246_1437,0.7844679062596608
2019_1246_1438,0.2273055227121352
2019_1246_1439,0.6063790471250569
2019_1246_1449,0.8885428799789901
2019_1246_1458,0.6336579938933096
2019_1246_1459,0.7381715137809847
2019_1246_1463,0.9405035772727581
2019_1251_1257,0.18535448672037896
2019_1251_1261,0.1862530551382883
2019_1251_1266,0.2513492385599108
2019_1251_1268,0.20760646822928394
2019_1251_1276,0.060755101574694985
2019_1251_1277,0.04612080009416317
2019_1251_1278,0.3732631070636362
2019_1251_1279,0.35402351017202666
2019_1251_1280,0.1926371353994335
2019_1251_1285,0.7506016757474026
2019_1251_1293,0.40824277209394
2019_1251_1295,0.8917373669296577
2019_1251_1297,0.6452970123601738
2019_1251_1300,0.7069399276968432
2019_1251_1305,0.23495772210456634
2019_1251_1308,0.4096784790243544
2019_1251_1314,0.0634356558775092
2019_1251_1318,0.5798679869329445
2019_1251_1326,0.35164999115849477
2019_1251_1328,0.3355761515941208
2019_1251_1330,0.6979394562697513
2019_1251_1332,0.3479349782876169
2019_1251_1341,0.7069399276968432
2019_1251_1345,0.09627763760352799
2019_1251_1371,0.432843593229429
2019_1251_1385,0.5838420978971511
2019_1251_1387,0.6680559899048016
2019_1251_1388,0.2711158591031896
2019_1251_1393,0.31408775989501914
2019_1251_1396,0.5678853356362515
2019_1251_1397,0.085144567417601
2019_1251_1403,0.08689571423559052
2019_1251_1414,0.5554560743428527
2019_1251_1416,0.3659973677459272
2019_1251_1429,0.30206054373024865
2019_1251_1433,0.7069399276968432
2019_1251_1436,0.5773335704852387
2019_1251_1437,0.24224101988165223
2019_1251_1438,0.025187023242528448
2019_1251_1439,0.11918075551029775
2019_1251_1449,0.411834922201037
2019_1251_1458,0.13188590082636145
2019_1251_1459,0.19847683538540367
2019_1251_1463,0.581314345227053
2019_1257_1261,0.5014849333769877
2019_1257_1266,0.5960548733527218
2019_1257_1268,0.5352089012247807
2019_1257_1276,0.22136279301867945
2019_1257_1277,0.17526108896967588
2019_1257_1278,0.7235699976750369
2019_1257_1279,0.7066321899244593
2019_1257_1280,0.5118772671590183
2019_1257_1285,0.9297141539008025
2019_1257_1293,0.7519889809180934
2019_1257_1295,0.973119205728602
2019_1257_1297,0.8888366606895738
2019_1257_1300,0.9138086216894965
2019_1257_1305,0.5744321087311965
2019_1257_1308,0.7530950948715008
2019_1257_1314,0.22939876776960866
2019_1257_1318,0.8584790385032719
2019_1257_1326,0.7044727454240503
2019_1257_1328,0.6894205183013385
2019_1257_1330,0.9103558657985202
2019_1257_1332,0.7010607698357911
2019_1257_1341,0.9138086216894965
2019_1257_1345,0.31890616374217406
2019_1257_1371,0.770338626927456
2019_1257_1385,0.8604519436151393
2019_1257_1387,0.8984289073953192
2019_1257_1388,0.6204631196541972
2019_1257_1393,0.6680559899048015
2019_1257_1396,0.8524203161012676
2019_1257_1397,0.29029896026118024
2019_1257_1403,0.2949093292311417
2019_1257_1414,0.8459552856212488
2019_1257_1416,0.7172894687251773
2019_1257_1429,0.6554263406072066
2019_1257_1433,0.9138086216894965
2019_1257_1436,0.8572114621404487
2019_1257_1437,0.5842028489869648
2019_1257_1438,0.10197833609227812
2019_1257_1439,0.37291578948213755
2019_1257_1449,0.7547480381188534
2019_1257_1458,0.4003749485903262
2019_1257_1459,0.5211477388327306
2019_1257_1463,0.8591991399430361
2019_1261_1266,0.5946239267440032
2019_1261_1268,0.53373102206671
2019_1261_1276,0.22034070437683298
2019_1261_1277,0.17440418517974046
2019_1261_1278,0.7223803734714145
2019_1261_1279,0.7053993514166708
2019_1261_1280,0.5103930669900599
2019_1261_1285,0.9293250243746954
2019_1261_1293,0.7508795508549536
2019_1261_1295,0.9729633950300278
2019_1261_1297,0.8882484204844301
2019_1261_1300,0.9133396411635394
2019_1261_1305,0.5729794400675127
2019_1261_1308,0.7519889809180934
2019_1261_1314,0.22835045648831842
2019_1261_1318,0.8577558639392733
2019_1261_1326,0.7032346432888762
2019_1261_1328,0.6881472708109638
2019_1261_1330,0.9098699512795676
2019_1261_1332,0.6998144643616969
2019_1261_1341,0.9133396411635394
2019_1261_1345,0.3176174100389134
2019_1261_1371,0.7692860968462766
2019_1261_1385,0.8597372034492607
2019_1261_1387,0.8978855947609469
2019_1261_1388,0.6190633783661894
2019_1261_1393,0.6667374951951446
2019_1261_1396,0.8516715306767794
2019_1261_1397,0.28907674620125173
2019_1261_1403,0.29367573675586967
2019_1261_1414,0.8451796557754954
2019_1261_1416,0.7160834215878313
2019_1261_1429,0.6540836558812508
2019_1261_1433,0.9133396411635394
2019_1261_1436,0.8564828930947176
2019_1261_1437,0.5827593070553482
2019_1261_1438,0.10143566564256656
2019_1261_1439,0.3715278328507696
2019_1261_1449,0.7536469068704886
2019_1261_1458,0.39894981128418816
2019_1261_1459,0.5196652756490294
2019_1261_1463,0.8584790385032719
2019_1266_1268,0.43831961899673627
2019_1266_1276,0.16154245551426766
2019_1266_1277,0.1258849339616094
2019_1266_1278,0.6394979953195374
2019_1266_1279,0.6201133711905958
2019_1266_1280,0.41543649012566475
2019_1266_1285,0.8996419939236262
2019_1266_1293,0.6726499130678438
2019_1266_1295,0.9608358138926872
2019_1266_1297,0.8442056360001482
2019_1266_1300,0.8778254835186531
2019_1266_1305,0.4777406567340575
2019_1266_1308,0.6739564550614853
2019_1266_1314,0.16787501793277887
2019_1266_1318,0.8043426950360424
2019_1266_1326,0.6176616558697197
2019_1266_1328,0.6006940638159964
2019_1266_1330,0.8731313970150397
2019_1266_1332,0.6137968717832567
2019_1266_1341,0.8778254835186531
2019_1266_1345,0.2408807512373124
2019_1266_1371,0.6944847634888243
2019_1266_1385,0.8069005439196358
2019_1266_1387,0.857029609375349
2019_1266_1388,0.5255927901355916
2019_1266_1393,0.5769711751424148
2019_1266_1396,0.7965156671371756
2019_1266_1397,0.21704233337035556
2019_1266_1403,0.22085132502351584
2019_1266_1414,0.7882100948581513
2019_1266_1416,0.6322780751363597
2019_1266_1429,0.5631421812933712
2019_1266_1433,0.8778254835186531
2019_1266_1436,0.8027016684206889
2019_1266_1437,0.48775171449650495
2019_1266_1438,0.07145921210600124
2019_1266_1439,0.28724916313429444
2019_1266_1449,0.6759112062469884
2019_1266_1458,0.3115341497173111
2019_1266_1459,0.4244792310249968
2019_1266_1463,0.8052757769634139
2019_1268_1276,0.19800479941214733
2019_1268_1277,0.15579436399985191
2019_1268_1278,0.6944847634888243
2019_1268_1279,0.6765614328778953
2019_1268_1280,0.47662927273471906
2019_1268_1285,0.919918311117531
2019_1268_1293,0.7247564665548626
2019_1268_1295,0.9691722004157229
2019_1268_1297,0.8741150660383907
2019_1268_1300,0.9020295984253176
2019_1268_1305,0.5396387280464218
2019_1268_1308,0.7259397718015961
2019_1268_1314,0.20541652758563114
2019_1268_1318,0.8404587459668625
2019_1268_1326,0.6742826696955565
2019_1268_1328,0.6584382998873259
2019_1268_1330,0.8981575723056279
2019_1268_1332,0.6706850751251878
2019_1268_1341,0.9020295984253176
2019_1268_1345,0.28907674620125173
2019_1268_1371,0.7444362202368106
2019_1268_1385,0.8426368180079434
2019_1268_1387,0.884813009401744
2019_1268_1388,0.5867255606091746
2019_1268_1393,0.6360675723108579
2019_1268_1396,0.8337779241999247
2019_1268_1397,0.2621155880528875
2019_1268_1403,0.26644640605364406
2019_1268_1414,0.8266622931322449
2019_1268_1416,0.6878285132756073
2019_1268_1429,0.6229078382128996
2019_1268_1433,0.9020295984253176
2019_1268_1436,0.8390600239098536
2019_1268_1437,0.549581927904452
2019_1268_1438,0.089765390960822
2019_1268_1439,0.340560532915343
2019_1268_1449,0.7277087800658327
2019_1268_1458,0.36703169302087946
2019_1268_1459,0.4858968333768936
2019_1268_1463,0.8412535846667297
2019_1276_1277,0.42774736824508897
2019_1276_1278,0.9020295984253176
2019_1276_1279,0.8944312282707637
2019_1276_1280,0.7867189477197535
2019_1276_1285,0.975
2019_1276_1293,0.9142753024414951
2019_1276_1295,0.975
2019_1276_1297,0.9656651116330435
2019_1276_1300,0.9738852521456903
2019_1276_1305,0.8260230259486958
2019_1276_1308,0.9147396921225422
2019_1276_1314,0.5115062357270103
2019_1276_1318,0.9552318308009682
2019_1276_1326,0.8934457001434105
2019_1276_1328,0.8864673502152889
2019_1276_1330,0.9727673965694319
2019_1276_1332,0.8918806421743869
2019_1276_1341,0.9738852521456903
2019_1276_1345,0.6222099790602464
2019_1276_1371,0.9218654203897292
2019_1276_1385,0.9559251800402042
2019_1276_1387,0.9688601182162793
2019_1276_1388,0.8518590206630919
2019_1276_1393,0.8762239630544825
2019_1276_1396,0.9530888946298148
2019_1276_1397,0.5899623525217962
2019_1276_1403,0.5953396026321537
2019_1276_1414,0.9507792139708747
2019_1276_1416,0.8992390687502787
2019_1276_1429,0.8699730288747632
2019_1276_1433,0.9738852521456903
2019_1276_1436,0.9547852084960514
2019_1276_1437,0.8317097019474978
2019_1276_1438,0.28542849539221615
2019_1276_1439,0.6765614328778954
2019_1276_1449,0.9154319999119903
2019_1276_1458,0.7013718820763194
2019_1276_1459,0.7928816699299116
2019_1276_1463,0.9554851524766438
2019_1277_1278,0.9249114363589814
2019_1277_1279,0.918928229822854
2019_1277_1280,0.8315017547912564
2019_1277_1285,0.975
2019_1277_1293,0.9345047176019505
2019_1277_1295,0.975
2019_1277_1297,0.9741108944204817
2019_1277_1300,0.975
2019_1277_1305,0.8639799768613649
2019_1277_1308,0.9348673270167076
2019_1277_1314,0.5834812569689344
2019_1277_1318,0.9661540676119892
2019_1277_1326,0.9181504639092862
2019_1277_1328,0.9126318392497393
2019_1277_1330,0.975
2019_1277_1332,0.9169145227814238
2019_1277_1341,0.975
2019_1277_1345,0.6878285132756072
2019_1277_1371,0.9404204308353208
2019_1277_1385,0.966684157953936
2019_1277_1387,0.975
2019_1277_1388,0.8849642662345465
2019_1277_1393,0.9044947898958176
2019_1277_1396,0.9645145286243527
2019_1277_1397,0.6581042628628448
2019_1277_1403,0.6630982022527617
2019_1277_1414,0.9627454031955012
2019_1277_1416,0.9227168189318515
2019_1277_1429,0.8995078448384614
2019_1277_1433,0.975
2019_1277_1436,0.9658125094241311
2019_1277_1437,0.868623303817876
2019_1277_1438,0.34827195139224715
2019_1277_1439,0.7367339765800103
2019_1277_1449,0.9354077403963529
2019_1277_1458,0.7585757677653701
2019_1277_1459,0.8366391800969791
2019_1277_1463,0.966347762876534
2019_1278_1279,0.47922284306823676
2019_1278_1280,0.28603461423663396
2019_1278_1285,0.8348043803894326
2019_1278_1293,0.5366861623699557
2019_1278_1295,0.9325700423819808
2019_1278_1297,0.7533711046779362
2019_1278_1300,0.8019952005878526
2019_1278_1305,0.34022712599626875
2019_1278_1308,0.5381627798471731
2019_1278_1314,0.10211440523905305
2019_1278_1318,0.6985651970303215
2019_1278_1326,0.47662927273471895
2019_1278_1328,0.4588860185954979
2019_1278_1330,0.795067793130388
2019_1278_1332,0.47255626100701054
2019_1278_1341,0.8019952005878526
2019_1278_1345,0.15173688754285625
2019_1278_1371,0.5616803810032639
2019_1278_1385,0.701993548367123
2019_1278_1387,0.7716495435116816
2019_1278_1388,0.38444459760988176
2019_1278_1393,0.43466718107999275
2019_1278_1396,0.6881472708109638
2019_1278_1397,0.1351498399041802
2019_1278_1403,0.137774551603974
2019_1278_1414,0.6772109779538996
2019_1278_1416,0.49220470853341414
2019_1278_1429,0.4208557085407306
2019_1278_1433,0.8019952005878526
2019_1278_1436,0.6963718870460957
2019_1278_1437,0.34928378090137663
2019_1278_1438,0.04157973548339832
2019_1278_1439,0.1851303685483554
2019_1278_1449,0.5403764431764314
2019_1278_1458,0.20324376241068756
2019_1278_1459,0.2936757367558697
2019_1278_1463,0.6998144643616969
2019_1279_1280,0.30331423215104386
2019_1279_1285,0.8459552856212488
2019_1279_1293,0.5572886498398197
2019_1279_1295,0.9376148143091239
2019_1279_1297,0.7684944860066937
2019_1279_1300,0.8148696314516447
2019_1279_1305,0.35913379035664844
2019_1279_1308,0.5587535905853621
2019_1279_1314,0.10999498322606309
2019_1279_1318,0.715781425085919
2019_1279_1326,0.4974013823478418
2019_1279_1328,0.4795934478368726
2019_1279_1330,0.8082849764294986
2019_1279_1332,0.4933181779623135
2019_1279_1341,0.8148696314516447
2019_1279_1345,0.16275287520036982
2019_1279_1371,0.5820370021660912
2019_1279_1385,0.7190927069411909
2019_1279_1387,0.7859705098805841
2019_1279_1388,0.40430271118597183
2019_1279_1393,0.45520109244594864
2019_1279_1396,0.7057078438234966
2019_1279_1397,0.14516770231162476
2019_1279_1403,0.14795368517105897
2019_1279_1414,0.6951145346140151
2019_1279_1416,0.5129902812965521
2019_1279_1429,0.4412464094146379
2019_1279_1433,0.8148696314516447
2019_1279_1436,0.7136620372133659
2019_1279_1437,0.3684126992334818
2019_1279_1438,0.0450228645302187
2019_1279_1439,0.19800479941214738
2019_1279_1449,0.5609490775074
2019_1279_1458,0.21704233337035556
2019_1279_1459,0.31121574851100037
2019_1279_1463,0.7169882480622474
2019_1280_1285,0.9265449378138625
2019_1280_1293,0.7430211045324736
2019_1280_1295,0.9718478769612557
2019_1280_1297,0.8840541282142972
2019_1280_1300,0.909991651916087
2019_1280_1305,0.5627768330192984
2019_1280_1308,0.7441536069150135
2019_1280_1314,0.22110695311174328
2019_1280_1318,0.8526070234093068
2019_1280_1326,0.6944847634888243
2019_1280_1328,0.679155506011342
2019_1280_1330,0.9064016528603809
2019_1280_1332,0.6910080516817296
2019_1280_1341,0.909991651916087
2019_1280_1345,0.3086749804252072
2019_1280_1371,0.7618241072150547
2019_1280_1385,0.8546479286530786
2019_1280_1387,0.8940098472399386
2019_1280_1388,0.6092108762365448
2019_1280_1393,0.657435718420409
2019_1280_1396,0.846341907251702
2019_1280_1397,0.2806074356422286
2019_1280_1403,0.28512572539789166
2019_1280_1414,0.8396606860529072
2019_1280_1416,0.7075548358576356
2019_1280_1429,0.644616948231525
2019_1280_1433,0.909991651916087
2019_1280_1436,0.8512959628420779
2019_1280_1437,0.5726160750972022
2019_1280_1438,0.09770826032191575
2019_1280_1439,0.36187248823707835
2019_1280_1449,0.7458462087879522
2019_1280_1458,0.38902294619282163
2019_1280_1459,0.5092797951709251
2019_1280_1463,0.8533518994824356
2019_1285_1293,0.1864782214038609
2019_1285_1295,0.7323910441408554
2019_1285_1297,0.37674342303348224
2019_1285_1300,0.4449106234804247
2019_1285_1305,0.09259537156866979
2019_1285_1308,0.18738098445402407
2019_1285_1314,0.025
2019_1285_1318,0.3144077581739314
2019_1285_1326,0.15269501311690614
2019_1285_1328,0.14369973201375763
2019_1285_1330,0.4343023203828133
2019_1285_1332,0.15059365941312455
2019_1285_1341,0.4449106234804247
2019_1285_1345,0.03418749057586903
2019_1285_1371,0.20228359973028806
2019_1285_1385,0.3179393375103778
2019_1285_1387,0.4007314974761464
2019_1285_1388,0.10999498322606309
2019_1285_1393,0.13205600728668515
2019_1285_1396,0.30394217686542674
2019_1285_1397,0.029995909800028798
2019_1285_1403,0.030650828690044957
2019_1285_1414,0.2933678100755407
2019_1285_1416,0.1609399760901464
2019_1285_1429,0.1257216252591114
2019_1285_1433,0.4449106234804247
2019_1285_1436,0.31217148672439254
2019_1285_1437,0.09601954356841307
2019_1285_1438,0.025
2019_1285_1439,0.04302339346902902
2019_1285_1449,0.18874142776192154
2019_1285_1458,0.04805277090742371
2019_1285_1459,0.07602201449923195
2019_1285_1463,0.315689513484181
2019_1293_1295,0.9227168189318515
2019_1293_1297,0.7250525897783096
2019_1293_1300,0.7776117295546581
2019_1293_1305,0.30804158499550277
2019_1293_1308,0.5014849333769877
2019_1293_1314,0.08940206360532287
2019_1293_1318,0.6667374951951446
2019_1293_1326,0.44014837326515865
2019_1293_1328,0.42266642951476135
2019_1293_1330,0.7700758107014265
2019_1293_1332,0.4361273280576899
2019_1293_1341,0.7776117295546581
2019_1293_1345,0.1337673203422632
2019_1293_1371,0.5252225143168066
2019_1293_1385,0.6703570188793384
2019_1293_1387,0.7447186284713193
2019_1293_1388,0.3502969700313004
2019_1293_1393,0.39894981128418816
2019_1293_1396,0.6557616254412207
2019_1293_1397,0.11886934020858675
2019_1293_1403,0.1212221898200948
2019_1293_1414,0.6442766968699365
2019_1293_1416,0.4555693711290894
2019_1293_1429,0.3854993567908325
2019_1293_1433,0.7776117295546581
2019_1293_1436,0.6644238484058792
2019_1293_1437,0.31665267443101525
2019_1293_1438,0.03610043156781583
2019_1293_1439,0.16397059076766973
2019_1293_1449,0.5037122761428579
2019_1293_1458,0.18047220170980346
2019_1293_1459,0.2641309764916646
2019_1293_1463,0.6680559899048016
2019_1295_1297,0.18091186909526558
2019_1295_1300,0.22652404010431626
2019_1295_1305,0.03594573653009695
2019_1295_1308,0.0777078125564271
2019_1295_1314,0.025
2019_1295_1318,0.14351710690528238
2019_1295_1326,0.061779932231786266
2019_1295_1328,0.05777527147778066
2019_1295_1330,0.21906786082419946
2019_1295_1332,0.06083989323196659
2019_1295_1341,0.22652404010431626
2019_1295_1345,0.025
2019_1295_1371,0.0847982005691617
2019_1295_1385,0.14553663467306682
2019_1295_1387,0.1963593341730716
2019_1295_1388,0.043207182580818466
2019_1295_1393,0.05266564028968782
2019_1295_1396,0.13759824666743745
2019_1295_1397,0.025
2019_1295_1403,0.025
2019_1295_1414,0.13171598023380807
2019_1295_1416,0.0654952823980495
2019_1295_1429,0.04992037875472994
2019_1295_1433,0.22652404010431626
2019_1295_1436,0.14224413606072658
2019_1295_1437,0.037361262925733815
2019_1295_1438,0.025
2019_1295_1439,0.025
2019_1295_1449,0.07834876665066695
2019_1295_1458,0.025
2019_1295_1459,0.02918579258503698
2019_1295_1463,0.14424876786156512
2019_1297_1300,0.5700703469393938
2019_1297_1305,0.14443216700207812
2019_1297_1308,0.27613308896615735
2019_1297_1314,0.03589431347596037
2019_1297_1318,0.431386029358753
2019_1297_1326,0.22966137307254397
2019_1297_1328,0.21729478223082552
2019_1297_1330,0.5594856792120203
2019_1297_1332,0.22678432303342863
2019_1297_1341,0.5700703469393938
2019_1297_1345,0.055319775941226376
2019_1297_1371,0.2955272545759496
2019_1297_1385,0.4353971144952006
2019_1297_1387,0.5252225143168066
2019_1297_1388,0.1697502320915406
2019_1297_1393,0.20108816319049896
2019_1297_1396,0.4194086608299169
2019_1297_1397,0.04866781558406179
2019_1297_1403,0.049709517512489
2019_1297_1414,0.4071670170978751
2019_1297_1416,0.2408807512373124
2019_1297_1429,0.1921756579879754
2019_1297_1433,0.5700703469393938
2019_1297_1436,0.4288381647474352
2019_1297_1437,0.14945752706790652
2019_1297_1438,0.025
2019_1297_1439,0.06922593128986117
2019_1297_1449,0.27791752461025165
2019_1297_1458,0.07707166348718009
2019_1297_1459,0.1198057027595137
2019_1297_1463,0.432843593229429
2019_1300_1305,0.11293622635896373
2019_1300_1308,0.2234171353586302
2019_1300_1314,0.027311388930301564
2019_1300_1318,0.3639324276891421
2019_1300_1326,0.1835674041295528
2019_1300_1328,0.17312503074808697
2019_1300_1330,0.48923586476595027
2019_1300_1332,0.18113201554608127
2019_1300_1341,0.5
2019_1300_1345,0.04229567743147459
2019_1300_1371,0.24033810606983944
2019_1300_1385,0.36772192486364025
2019_1300_1387,0.4548328627579789
2019_1300_1388,0.13359534877943804
2019_1300_1393,0.15954125403313735
2019_1300_1396,0.3526663241453652
2019_1300_1397,0.037148223462379795
2019_1300_1403,0.037953193075763544
2019_1300_1414,0.3412278202296507
2019_1300_1416,0.1930994560803641
2019_1300_1429,0.15211954404524872
2019_1300_1433,0.5
2019_1300_1436,0.36152965562133704
2019_1300_1437,0.1170156006460282
2019_1300_1438,0.025
2019_1300_1439,0.05311193490262717
2019_1300_1449,0.22496678110978338
2019_1300_1458,0.059247635154943884
2019_1300_1459,0.09309564730660153
2019_1300_1463,0.365308502708587
2019_1305_1308,0.6932230389833499
2019_1305_1314,0.18069193116783608
2019_1305_1318,0.8179853123495511
2019_1305_1326,0.6384703443786629
2019_1305_1328,0.6218608592919309
2019_1305_1330,0.8826771938634809
2019_1305_1332,0.6346914972914129
2019_1305_1341,0.8870637736410364
2019_1305_1345,0.2575463748554575
2019_1305_1371,0.7130547626126396
2019_1305_1385,0.8204046325206167
2019_1305_1387,0.8676032217203878
2019_1305_1388,0.5477433399460522
2019_1305_1393,0.5985550897046884
2019_1305_1396,0.8105755136967935
2019_1305_1397,0.232563944174073
2019_1305_1403,0.23656303074532462
2019_1305_1414,0.8027016684206888
2019_1305_1416,0.6527385112112194
2019_1305_1429,0.5849240801956037
2019_1305_1433,0.8870637736410364
2019_1305_1436,0.8164325958704471
2019_1305_1437,0.5100219872924604
2019_1305_1438,0.07760145480945513
2019_1305_1439,0.3058303951409067
2019_1305_1449,0.6951145346140151
2019_1305_1458,0.33095686392474394
2019_1305_1459,0.44637801087305506
2019_1305_1463,0.8188679844539186
2019_1308_1314,0.08891969028503846
2019_1308_1318,0.6654163862846545
2019_1308_1326,0.4386852374525926
2019_1308_1328,0.421217684069791
2019_1308_1330,0.7690224372919919
2019_1308_1332,0.4346671810799928
2019_1308_1341,0.7765828646413697
2019_1308_1345,0.13308055582870473
2019_1308_1371,0.5237411377186852
2019_1308_1385,0.669043136075256
2019_1308_1387,0.7435877653638993
2019_1308_1388,0.34894635296864923
2019_1308_1393,0.397526383718567
2019_1308_1396,0.6544195583443567
2019_1308_1397,0.11824862115783684
2019_1308_1403,0.12059086600503041
2019_1308_1414,0.6429142360099063
2019_1308_1416,0.45409655195182697
2019_1308_1429,0.38409325197649674
2019_1308_1433,0.7765828646413697
2019_1308_1436,0.6630982022527617
2019_1308_1437,0.31536881074335094
2019_1308_1438,0.03589431347596037
2019_1308_1439,0.1631579688693882
2019_1308_1449,0.5022273918797073
2019_1308_1458,0.17959536747938326
2019_1308_1459,0.2629781105784912
2019_1308_1463,0.6667374951951446
2019_1314_1318,0.9532215005754376
2019_1314_1326,0.8889832968299755
2019_1314_1328,0.8817513788421633
2019_1314_1330,0.9715210305312172
2019_1314_1332,0.8873609587812943
2019_1314_1341,0.9726886110696984
2019_1314_1345,0.6113299416698618
2019_1314_1371,0.9184846209533035
2019_1314_1385,0.9539444837575134
2019_1314_1387,0.9674409115346685
2019_1314_1388,0.8459552856212488
2019_1314_1393,0.871144346447189
2019_1314_1396,0.9509872726125537
2019_1314_1397,0.5787823159302089
2019_1314_1403,0.5842028489869648
2019_1314_1414,0.9485797005816454
2019_1314_1416,0.8949907707987342
2019_1314_1429,0.8646765000435164
2019_1314_1433,0.9726886110696984
2019_1314_1436,0.9527558144636318
2019_1314_1437,0.8251677766843284
2019_1314_1438,0.2761330889661574
2019_1314_1439,0.6664074624424374
2019_1314_1449,0.9117994663753224
2019_1314_1458,0.6916418074142456
2019_1314_1459,0.7852201626745426
2019_1314_1463,0.9534856438271185
2019_1318_1326,0.2821086730579068
2019_1318_1328,0.26790009575981494
2019_1318_1330,0.6260418658255505
2019_1318_1332,0.2788123975908378
2019_1318_1341,0.6360675723108579
2019_1318_1345,0.07165652261423877
2019_1318_1371,0.35606370031507173
2019_1318_1385,0.5040834880001153
2019_1318_1387,0.5931913707296694
2019_1318_1388,0.21228610548849103
2019_1318_1393,0.24912044914504627
2019_1318_1396,0.48775171449650473
2019_1318_1397,0.06317150257974731
2019_1318_1403,0.06450259750513411
2019_1318_1414,0.4751477892395322
2019_1318_1416,0.2949093292311417
2019_1318_1429,0.23871519011168457
2019_1318_1433,0.6360675723108579
2019_1318_1436,0.4974013823478418
2019_1318_1437,0.18806026085089042
2019_1318_1438,0.025
2019_1318_1439,0.08928124949577683
2019_1318_1449,0.33657014455970563
2019_1318_1458,0.09915780868470253
2019_1318_1459,0.15211954404524874
2019_1318_1463,0.5014849333769877
2019_1326_1328,0.48218828735213987
2019_1326_1330,0.8098905624406032
2019_1326_1332,0.49591651199988485
2019_1326_1341,0.8164325958704473
2019_1326_1345,0.16417425391081114
2019_1326_1371,0.5845635098743355
2019_1326_1385,0.7211876024091621
2019_1326_1387,0.787713894511509
2019_1326_1388,0.40680862927033057
2019_1326_1393,0.4577800499169765
2019_1326_1396,0.7078620059175222
2019_1326_1397,0.14646236928075812
2019_1326_1403,0.14926886006187032
2019_1326_1414,0.6973129793866446
2019_1326_1416,0.5155867943091211
2019_1326_1429,0.4438107115676425
2019_1326_1433,0.8164325958704473
2019_1326_1436,0.715781425085919
2019_1326_1437,0.37083464705652935
2019_1326_1438,0.04547190680564857
2019_1326_1439,0.19966062767641424
2019_1326_1449,0.563507461062158
2019_1326_1458,0.21881392791124424
2019_1326_1459,0.3134482934448235
2019_1326_1463,0.7190927069411909
2019_1328_1330,0.8206233204539658
2019_1328_1332,0.5137322198401796
2019_1328_1341,0.8268749692519131
2019_1328_1345,0.17419047627170425
2019_1328_1371,0.6017621175931862
2019_1328_1385,0.735291377054849
2019_1328_1387,0.7993885288714047
2019_1328_1388,0.42411650650714877
2019_1328_1393,0.47551812012822886
2019_1328_1396,0.7223803734714145
2019_1328_1397,0.15559916111379832
2019_1328_1403,0.15854820832681463
2019_1328_1414,0.7121424092428036
2019_1328_1416,0.5333614587232762
2019_1328_1429,0.46146816935882917
2019_1328_1433,0.8268749692519131
2019_1328_1436,0.7300563102351668
2019_1328_1437,0.387612096014117
2019_1328_1438,0.04866781558406183
2019_1328_1439,0.2112945535116089
2019_1328_1449,0.5809528856548375
2019_1328_1458,0.231241433000706
2019_1328_1459,0.3289870348829077
2019_1328_1463,0.7332632581886168
2019_1330_1332,0.18760719993269848
2019_1330_1341,0.5107641352340497
2019_1330_1345,0.04407481995979573
2019_1330_1371,0.24828806589444777
2019_1330_1385,0.3777900209397535
2019_1330_1387,0.46552996270779545
2019_1330_1388,0.13865892498612784
2019_1330_1393,0.1654005032979009
2019_1330_1396,0.36255857517520546
2019_1330_1397,0.03871959540038555
2019_1330_1403,0.03955721637345598
2019_1330_1414,0.35097318117756593
2019_1330_1416,0.19989802100647483
2019_1330_1429,0.15775738836414252
2019_1330_1433,0.5107641352340497
2019_1330_1436,0.37152783285076957
2019_1330_1437,0.12153891890934292
2019_1330_1438,0.025
2019_1330_1439,0.055319775941226376
2019_1330_1449,0.2325639441740731
2019_1330_1458,0.06169391651845748
2019_1330_1459,0.09679568572696058
2019_1330_1463,0.37534974750495725
2019_1332_1341,0.8188679844539186
2019_1332_1345,0.16642797874900442
2019_1332_1371,0.5885247225427344
2019_1332_1385,0.7244601456035876
2019_1332_1387,0.7904324935725255
2019_1332_1388,0.4107562719511658
2019_1332_1393,0.4618372201528268
2019_1332_1396,0.7112283297967025
2019_1332_1397,0.14851615523022377
2019_1332_1403,0.1513550217837899
2019_1332_1414,0.7007494717667785
2019_1332_1416,0.5196652756490293
2019_1332_1429,0.44784633329021545
2019_1332_1433,0.8188679844539186
2019_1332_1436,0.7190927069411909
2019_1332_1437,0.3746536818168467
2019_1332_1438,0.04618617200550225
2019_1332_1439,0.20228359973028812
2019_1332_1449,0.5675209077461919
2019_1332_1458,0.2216188447252904
2019_1332_1459,0.31697407828664875
2019_1332_1463,0.7223803734714145
2019_1341_1345,0.04229567743147459
2019_1341_1371,0.24033810606983944
2019_1341_1385,0.36772192486364025
2019_1341_1387,0.4548328627579789
2019_1341_1388,0.13359534877943804
2019_1341_1393,0.15954125403313735
2019_1341_1396,0.3526663241453652
2019_1341_1397,0.037148223462379795
2019_1341_1403,0.037953193075763544
2019_1341_1414,0.3412278202296507
2019_1341_1416,0.1930994560803641
2019_1341_1429,0.15211954404524872
2019_1341_1433,0.5
2019_1341_1436,0.36152965562133704
2019_1341_1437,0.1170156006460282
2019_1341_1438,0.025
2019_1341_1439,0.05311193490262717
2019_1341_1449,0.22496678110978338
2019_1341_1458,0.059247635154943884
2019_1341_1459,0.09309564730660153
2019_1341_1463,0.365308502708587
2019_1345_1371,0.8775066130291832
2019_1345_1385,0.9294224929642795
2019_1345_1387,0.9497263015594097
2019_1345_1388,0.777354830849679
2019_1345_1393,0.8112585722380784
2019_1345_1396,0.9250145006389071
2019_1345_1397,0.46626897793329
2019_1345_1403,0.47181608979482365
2019_1345_1414,0.9214365092045875
2019_1345_1416,0.8442056360001482
2019_1345_1429,0.8024663905935341
2019_1345_1433,0.9577043225685253
2019_1345_1436,0.9276489253853394
2019_1345_1437,0.7500453049467856
2019_1345_1438,0.19519034166589969
2019_1345_1439,0.5594856792120203
2019_1345_1449,0.8679439927133148
2019_1345_1458,0.5878053388737495
2019_1345_1459,0.6991902002103332
2019_1345_1463,0.9287375968017874
2019_1371_1385,0.6476726022188356
2019_1371_1387,0.7250525897783096
2019_1371_1388,0.3276771421432521
2019_1371_1393,0.3750016500608783
2019_1371_1396,0.6326232590239195
2019_1371_1397,0.1086934600464519
2019_1371_1403,0.1108702363305564
2019_1371_1414,0.6208127430140269
2019_1371_1416,0.4306576912481621
2019_1371_1429,0.36187248823707835
2019_1371_1433,0.7596618939301605
2019_1371_1436,0.6415494600736231
2019_1371_1437,0.2952181979516517
2019_1371_1438,0.0327467050093283
2019_1371_1439,0.15059365941312455
2019_1371_1449,0.4784817025403898
2019_1371_1458,0.16601637685723872
2019_1371_1459,0.24497719879035632
2019_1371_1463,0.6452970123601738
2019_1385_1387,0.5892437280488342
2019_1385_1388,0.20956750642747446
2019_1385_1393,0.2460774986204141
2019_1385_1396,0.4836714932249301
2019_1385_1397,0.0622116935580383
2019_1385_1403,0.06352393557820574
2019_1385_1414,0.47107604248083873
2019_1385_1416,0.29152422282038204
2019_1385_1429,0.23575943158809134
2019_1385_1433,0.6322780751363597
2019_1385_1436,0.4933181779623135
2019_1385_1437,0.185578814419279
2019_1385_1438,0.025
2019_1385_1439,0.08796198459494957
2019_1385_1449,0.3329326354404507
2019_1385_1458,0.09770826032191572
2019_1385_1459,0.15002470758446085
2019_1385_1463,0.4974013823478418
2019_1387_1388,0.15598976653364993
2019_1387_1393,0.18535448672037882
2019_1387_1396,0.3950395656169589
2019_1387_1397,0.044200117002673664
2019_1387_1403,0.04515072940131661
2019_1387_1414,0.3830399419086197
2019_1387_1416,0.2229022795523052
2019_1387_1429,0.17698483679060997
2019_1387_1433,0.5451671372420211
2019_1387_1436,0.40430271118597183
2019_1387_1437,0.13707046932651246
2019_1387_1438,0.025
2019_1387_1439,0.06299597063422957
2019_1387_1449,0.25811467206676664
2019_1387_1458,0.07018887363055724
2019_1387_1459,0.10955963154295659
2019_1387_1463,0.40824277209394
2019_1388_1393,0.5517864429399577
2019_1388_1396,0.7794040912274671
2019_1388_1397,0.2001356260113132
2019_1388_1403,0.20372511525809758
2019_1388_1414,0.7706012322303913
2019_1388_1416,0.6081497910777964
2019_1388_1429,0.5377936872230737
2019_1388_1433,0.866404651220562
2019_1388_1436,0.7859705098805839
2019_1388_1437,0.46220631277692625
2019_1388_1438,0.06495206943614044
2019_1388_1439,0.2667367418113831
2019_1388_1449,0.6530750270698465
2019_1388_1458,0.2899931205515065
2019_1388_1459,0.39966216759846135
2019_1388_1463,0.7887054464883911
2019_1393_1396,0.7416008728754676
2019_1393_1397,0.1689147540802922
2019_1393_1403,0.17206474423528403
2019_1393_1414,0.731808563585352
2019_1393_1416,0.557654979494573
2019_1393_1429,0.4858968333768936
2019_1393_1433,0.8404587459668625
2019_1393_1436,0.7489300831457109
2019_1393_1437,0.41111572725431483
2019_1393_1438,0.05341144540013593
2019_1393_1439,0.22808890632092968
2019_1393_1449,0.6046055037961083
2019_1393_1458,0.24912044914504627
2019_1393_1459,0.35097318117756604
2019_1393_1463,0.7519889809180934
2019_1396_1397,0.06613436913308195
2019_1396_1403,0.06752339519484642
2019_1396_1414,0.4873807096478998
2019_1396_1416,0.30520025986307164
2019_1396_1429,0.24773417952693097
2019_1396_1433,0.6473336758546347
2019_1396_1436,0.5096508965498622
2019_1396_1437,0.19565730496395764
2019_1396_1438,0.025
2019_1396_1439,0.09334669366560482
2019_1396_1449,0.34759815733043514
2019_1396_1458,0.1036218138851153
2019_1396_1459,0.1585482083268147
2019_1396_1463,0.5137322198401796
2019_1397_1403,0.5055682863192622
2019_1397_1414,0.9306783274490625
2019_1397_1416,0.8611636298185829
2019_1397_1429,0.82301516320939
2019_1397_1433,0.9628517765376202
2019_1397_1436,0.9362105377622308
2019_1397_1437,0.7745149781909261
2019_1397_1438,0.21729478223082563
2019_1397_1439,0.5924744962525916
2019_1397_1449,0.8826771938634809
2019_1397_1458,0.6201133711905958
2019_1397_1459,0.7268251696916133
2019_1397_1463,0.9371791062747784
2019_1403_1414,0.9292274314293226
2019_1403_1416,0.8584790385032719
2019_1403_1429,0.8197473193331782
2019_1403_1433,0.9620468069242365
2019_1403_1436,0.9348673270167076
2019_1403_1437,0.7706012322303913
2019_1403_1438,0.21353031939993067
2019_1403_1439,0.5870855799184896
2019_1403_1449,0.8803507989512674
2019_1403_1458,0.6148523496571104
2019_1403_1459,0.7223803734714146
2019_1403_1463,0.9358548932329148
2019_1414_1416,0.3160103918190455
2019_1414_1429,0.2572625328875305
2019_1414_1433,0.6587721797703493
2019_1414_1436,0.5222593432659426
2019_1414_1437,0.20372511525809758
2019_1414_1438,0.025
2019_1414_1439,0.09770826032191575
2019_1414_1449,0.35913379035664833
2019_1414_1458,0.10840607510008546
2019_1414_1459,0.16540050329790099
2019_1414_1463,0.5263332569403286
2019_1416_1429,0.4284744885433815
2019_1416_1433,0.8069005439196358
2019_1416_1436,0.7029246497009888
2019_1416_1437,0.35640424304172863
2019_1416_1438,0.0428403511314519
2019_1416_1439,0.1898809101066901
2019_1416_1449,0.5481111634305279
2019_1416_1458,0.20834026643640863
2019_1416_1459,0.3001855356383032
2019_1416_1463,0.7063242632441303
2019_1429_1433,0.8478804559547513
2019_1429_1436,0.7593906758541675
2019_1429_1437,0.4248420369064498
2019_1429_1438,0.05633730633819897
2019_1429_1439,0.2381758927849454
2019_1429_1449,0.6180122711094
2019_1429_1458,0.25982446316951485
2019_1429_1459,0.3639324276891421
2019_1429_1463,0.7623625664950414
2019_1433_1436,0.36152965562133704
2019_1433_1437,0.1170156006460282
2019_1433_1438,0.025
2019_1433_1439,0.05311193490262717
2019_1433_1449,0.22496678110978338
2019_1433_1458,0.059247635154943884
2019_1433_1459,0.09309564730660153
2019_1433_1463,0.365308502708587
2019_1436_1437,0.18965259303429358
2019_1436_1438,0.025
2019_1436_1439,0.09013004872043241
2019_1436_1449,0.338895082522072
2019_1436_1458,0.10009018514656486
2019_1436_1459,0.153465079930229
2019_1436_1463,0.5040834880001153
2019_1437_1438,0.07477976069805718
2019_1437_1439,0.2973855307642039
2019_1437_1449,0.6865517065551765
2019_1437_1458,0.3221401603140065
2019_1437_1459,0.43649253893784196
2019_1437_1463,0.8128450210947452
2019_1438_1439,0.8396606860529072
2019_1438_1449,0.9644127405685778
2019_1438_1458,0.8546479286530786
2019_1438_1459,0.9055160689182171
2019_1438_1463,0.975
2019_1439_1449,0.8380548808215588
2019_1439_1458,0.5289239575191612
2019_1439_1459,0.6466553784010612
2019_1439_1463,0.9112005355337021
2019_1449_1458,0.1782863608145782
2019_1449_1459,0.2612548916721129
2019_1449_1463,0.6647548563703938
2019_1458_1459,0.6197634979418745
2019_1458_1463,0.9013715009733224
2019_1459_1463,0.8486449782162101
